Datetime,Open,High,Low,Close,Volume,Dividends,Stock Splits,symbol,timeframe,data_source
2025-02-26 09:30:00-05:00,5970.8701171875,5991.990234375,5964.7099609375,5990.3798828125,233750249,0.0,0.0,^GSPC,30min,yfinance
2025-02-26 10:00:00-05:00,5990.6201171875,6005.8701171875,5986.7900390625,5992.6298828125,237811165,0.0,0.0,^GSPC,30min,yfinance
2025-02-26 10:30:00-05:00,5992.5400390625,6005.7998046875,5992.5400390625,6002.0,184962577,0.0,0.0,^GSPC,30min,yfinance
2025-02-26 11:00:00-05:00,6002.16015625,6009.81982421875,6000.240234375,6000.240234375,164171946,0.0,0.0,^GSPC,30min,yfinance
2025-02-26 11:30:00-05:00,6000.22998046875,6007.81005859375,5992.4599609375,5993.5400390625,151778065,0.0,0.0,^GSPC,30min,yfinance
2025-02-26 12:00:00-05:00,5993.60986328125,6007.25,5990.91015625,6000.06005859375,131606000,0.0,0.0,^GSPC,30min,yfinance
2025-02-26 12:30:00-05:00,5999.93994140625,6003.009765625,5965.31005859375,5969.52001953125,139534000,0.0,0.0,^GSPC,30min,yfinance
2025-02-26 13:00:00-05:00,5969.330078125,5971.5400390625,5952.7900390625,5953.1298828125,135850000,0.0,0.0,^GSPC,30min,yfinance
2025-02-26 13:30:00-05:00,5952.91015625,5958.9599609375,5935.25,5939.740234375,152754000,0.0,0.0,^GSPC,30min,yfinance
2025-02-26 14:00:00-05:00,5939.740234375,5952.06982421875,5932.68994140625,5947.66015625,147788000,0.0,0.0,^GSPC,30min,yfinance
2025-02-26 14:30:00-05:00,5947.66015625,5959.1201171875,5940.009765625,5940.77978515625,126358000,0.0,0.0,^GSPC,30min,yfinance
2025-02-26 15:00:00-05:00,5940.72021484375,5953.58984375,5938.52978515625,5949.990234375,157166000,0.0,0.0,^GSPC,30min,yfinance
2025-02-26 15:30:00-05:00,5949.740234375,5965.8798828125,5945.7099609375,5957.43017578125,398744000,0.0,0.0,^GSPC,30min,yfinance
2025-02-27 09:30:00-05:00,5981.8798828125,5993.68994140625,5933.85986328125,5937.2998046875,298929452,0.0,0.0,^GSPC,30min,yfinance
2025-02-27 10:00:00-05:00,5937.02001953125,5977.759765625,5918.0400390625,5968.18017578125,294462364,0.0,0.0,^GSPC,30min,yfinance
2025-02-27 10:30:00-05:00,5968.1298828125,5969.7998046875,5947.16015625,5947.7900390625,190180555,0.0,0.0,^GSPC,30min,yfinance
2025-02-27 11:00:00-05:00,5947.7001953125,5975.1201171875,5946.5400390625,5954.9501953125,172912909,0.0,0.0,^GSPC,30min,yfinance
2025-02-27 11:30:00-05:00,5954.8701171875,5962.75,5936.64990234375,5937.93017578125,131272000,0.0,0.0,^GSPC,30min,yfinance
2025-02-27 12:00:00-05:00,5938.02001953125,5952.39990234375,5927.81005859375,5952.3798828125,126115000,0.0,0.0,^GSPC,30min,yfinance
2025-02-27 12:30:00-05:00,5952.3798828125,5956.990234375,5938.06005859375,5947.2099609375,119055000,0.0,0.0,^GSPC,30min,yfinance
2025-02-27 13:00:00-05:00,5947.10986328125,5964.89013671875,5947.0,5959.25,127503000,0.0,0.0,^GSPC,30min,yfinance
2025-02-27 13:30:00-05:00,5959.4501953125,5962.5400390625,5950.509765625,5950.77001953125,111552000,0.0,0.0,^GSPC,30min,yfinance
2025-02-27 14:00:00-05:00,5950.81005859375,5951.27001953125,5920.5400390625,5920.93017578125,148936000,0.0,0.0,^GSPC,30min,yfinance
2025-02-27 14:30:00-05:00,5921.0498046875,5921.0498046875,5897.02978515625,5906.52978515625,204124000,0.0,0.0,^GSPC,30min,yfinance
2025-02-27 15:00:00-05:00,5906.47021484375,5906.669921875,5875.68017578125,5876.3701171875,224705000,0.0,0.0,^GSPC,30min,yfinance
2025-02-27 15:30:00-05:00,5876.18994140625,5888.06005859375,5858.77978515625,5862.7900390625,503817000,0.0,0.0,^GSPC,30min,yfinance
2025-02-28 09:30:00-05:00,5856.740234375,5875.2099609375,5842.77978515625,5872.14013671875,272075385,0.0,0.0,^GSPC,30min,yfinance
2025-02-28 10:00:00-05:00,5871.8701171875,5897.35009765625,5865.43017578125,5896.89013671875,276931236,0.0,0.0,^GSPC,30min,yfinance
2025-02-28 10:30:00-05:00,5896.89990234375,5901.75,5884.47998046875,5901.3798828125,218381474,0.0,0.0,^GSPC,30min,yfinance
2025-02-28 11:00:00-05:00,5901.33984375,5903.490234375,5873.27001953125,5873.97021484375,184563309,0.0,0.0,^GSPC,30min,yfinance
2025-02-28 11:30:00-05:00,5873.8798828125,5895.31982421875,5871.7900390625,5886.08984375,140941000,0.0,0.0,^GSPC,30min,yfinance
2025-02-28 12:00:00-05:00,5885.97021484375,5895.31005859375,5878.39990234375,5882.97998046875,134344000,0.0,0.0,^GSPC,30min,yfinance
2025-02-28 12:30:00-05:00,5883.02978515625,5883.75,5848.85009765625,5848.93017578125,155086000,0.0,0.0,^GSPC,30min,yfinance
2025-02-28 13:00:00-05:00,5848.93994140625,5859.89990234375,5837.66015625,5859.8798828125,150274000,0.0,0.0,^GSPC,30min,yfinance
2025-02-28 13:30:00-05:00,5859.8701171875,5876.9599609375,5849.16015625,5849.4501953125,145472000,0.0,0.0,^GSPC,30min,yfinance
2025-02-28 14:00:00-05:00,5849.31005859375,5869.85986328125,5848.6298828125,5868.25,134570000,0.0,0.0,^GSPC,30min,yfinance
2025-02-28 14:30:00-05:00,5868.3701171875,5894.08984375,5865.330078125,5893.18017578125,153034000,0.0,0.0,^GSPC,30min,yfinance
2025-02-28 15:00:00-05:00,5893.18017578125,5908.68017578125,5890.25,5908.68017578125,183250000,0.0,0.0,^GSPC,30min,yfinance
2025-02-28 15:30:00-05:00,5908.66015625,5959.39990234375,5892.56005859375,5952.27978515625,564359000,0.0,0.0,^GSPC,30min,yfinance
2025-03-03 09:30:00-05:00,5968.330078125,5986.08984375,5936.759765625,5937.0400390625,271353210,0.0,0.0,^GSPC,30min,yfinance
2025-03-03 10:00:00-05:00,5939.4501953125,5952.740234375,5919.18017578125,5952.7099609375,253761146,0.0,0.0,^GSPC,30min,yfinance
2025-03-03 10:30:00-05:00,5952.8701171875,5962.740234375,5935.1201171875,5936.31982421875,185066443,0.0,0.0,^GSPC,30min,yfinance
2025-03-03 11:00:00-05:00,5936.41015625,5957.2998046875,5935.64990234375,5937.18994140625,167186755,0.0,0.0,^GSPC,30min,yfinance
2025-03-03 11:30:00-05:00,5937.14990234375,5945.64990234375,5923.85009765625,5942.77001953125,157907000,0.0,0.0,^GSPC,30min,yfinance
2025-03-03 12:00:00-05:00,5942.75,5953.16015625,5939.4501953125,5949.509765625,130656000,0.0,0.0,^GSPC,30min,yfinance
2025-03-03 12:30:00-05:00,5949.509765625,5953.47021484375,5926.47998046875,5931.93017578125,146383000,0.0,0.0,^GSPC,30min,yfinance
2025-03-03 13:00:00-05:00,5931.89013671875,5932.64013671875,5890.6298828125,5892.6298828125,196037000,0.0,0.0,^GSPC,30min,yfinance
2025-03-03 13:30:00-05:00,5892.60009765625,5910.22021484375,5886.85986328125,5903.52978515625,169680000,0.0,0.0,^GSPC,30min,yfinance
2025-03-03 14:00:00-05:00,5903.330078125,5913.33984375,5894.60986328125,5896.580078125,140319000,0.0,0.0,^GSPC,30min,yfinance
2025-03-03 14:30:00-05:00,5896.5,5917.60009765625,5872.1298828125,5872.3701171875,184593000,0.0,0.0,^GSPC,30min,yfinance
2025-03-03 15:00:00-05:00,5872.35009765625,5872.35009765625,5819.919921875,5823.27001953125,301741000,0.0,0.0,^GSPC,30min,yfinance
2025-03-03 15:30:00-05:00,5823.25,5851.330078125,5810.91015625,5851.330078125,541280000,0.0,0.0,^GSPC,30min,yfinance
2025-03-04 09:30:00-05:00,5811.97998046875,5811.97998046875,5767.06005859375,5767.27001953125,345729061,0.0,0.0,^GSPC,30min,yfinance
2025-03-04 10:00:00-05:00,5767.85986328125,5771.18994140625,5732.58984375,5756.580078125,391496796,0.0,0.0,^GSPC,30min,yfinance
2025-03-04 10:30:00-05:00,5756.39990234375,5770.64990234375,5745.06005859375,5751.6201171875,292192520,0.0,0.0,^GSPC,30min,yfinance
2025-03-04 11:00:00-05:00,5751.259765625,5760.77978515625,5733.240234375,5740.77978515625,246925000,0.0,0.0,^GSPC,30min,yfinance
2025-03-04 11:30:00-05:00,5740.3798828125,5776.81982421875,5740.35009765625,5770.22021484375,238530000,0.0,0.0,^GSPC,30min,yfinance
2025-03-04 12:00:00-05:00,5770.41015625,5796.35009765625,5764.97998046875,5790.169921875,203893000,0.0,0.0,^GSPC,30min,yfinance
2025-03-04 12:30:00-05:00,5790.31982421875,5792.2998046875,5771.4501953125,5776.31005859375,191386000,0.0,0.0,^GSPC,30min,yfinance
2025-03-04 13:00:00-05:00,5776.35009765625,5811.4501953125,5772.60986328125,5786.8701171875,173096000,0.0,0.0,^GSPC,30min,yfinance
2025-03-04 13:30:00-05:00,5786.7001953125,5819.22021484375,5781.8701171875,5814.27001953125,164298000,0.0,0.0,^GSPC,30min,yfinance
2025-03-04 14:00:00-05:00,5814.31005859375,5841.1298828125,5813.89013671875,5826.1201171875,194590000,0.0,0.0,^GSPC,30min,yfinance
2025-03-04 14:30:00-05:00,5826.2900390625,5842.39990234375,5820.56982421875,5840.85009765625,177156000,0.0,0.0,^GSPC,30min,yfinance
2025-03-04 15:00:00-05:00,5840.68017578125,5865.080078125,5834.39013671875,5851.5,225007000,0.0,0.0,^GSPC,30min,yfinance
2025-03-04 15:30:00-05:00,5850.89013671875,5852.02978515625,5759.35009765625,5777.43994140625,572820000,0.0,0.0,^GSPC,30min,yfinance
2025-03-05 09:30:00-05:00,5781.35986328125,5803.5498046875,5761.6298828125,5770.85986328125,235158897,0.0,0.0,^GSPC,30min,yfinance
2025-03-05 10:00:00-05:00,5769.080078125,5806.68994140625,5766.33984375,5770.7099609375,262362062,0.0,0.0,^GSPC,30min,yfinance
2025-03-05 10:30:00-05:00,5770.830078125,5794.33984375,5767.7099609375,5781.1201171875,189822176,0.0,0.0,^GSPC,30min,yfinance
2025-03-05 11:00:00-05:00,5781.08984375,5781.08984375,5750.490234375,5759.89990234375,186141255,0.0,0.0,^GSPC,30min,yfinance
2025-03-05 11:30:00-05:00,5759.72021484375,5777.33984375,5742.35009765625,5771.0498046875,171037000,0.0,0.0,^GSPC,30min,yfinance
2025-03-05 12:00:00-05:00,5770.419921875,5798.419921875,5770.419921875,5798.35986328125,142602000,0.0,0.0,^GSPC,30min,yfinance
2025-03-05 12:30:00-05:00,5798.509765625,5819.85986328125,5791.5,5819.2900390625,144213000,0.0,0.0,^GSPC,30min,yfinance
2025-03-05 13:00:00-05:00,5819.27978515625,5822.31005859375,5790.75,5803.93994140625,152753000,0.0,0.0,^GSPC,30min,yfinance
2025-03-05 13:30:00-05:00,5803.93994140625,5826.02001953125,5791.669921875,5826.02001953125,132757000,0.0,0.0,^GSPC,30min,yfinance
2025-03-05 14:00:00-05:00,5825.9599609375,5854.72021484375,5821.009765625,5839.56982421875,176166000,0.0,0.0,^GSPC,30min,yfinance
2025-03-05 14:30:00-05:00,5839.7900390625,5853.22998046875,5832.8798828125,5842.64013671875,145480000,0.0,0.0,^GSPC,30min,yfinance
2025-03-05 15:00:00-05:00,5842.72998046875,5860.58984375,5835.39990234375,5853.64013671875,194208000,0.0,0.0,^GSPC,30min,yfinance
2025-03-05 15:30:00-05:00,5853.4599609375,5853.4599609375,5826.52001953125,5840.9501953125,443613000,0.0,0.0,^GSPC,30min,yfinance
2025-03-06 09:30:00-05:00,5785.8701171875,5785.8701171875,5746.52978515625,5755.919921875,233902607,0.0,0.0,^GSPC,30min,yfinance
2025-03-06 10:00:00-05:00,5755.2001953125,5798.490234375,5751.93994140625,5796.35986328125,232844199,0.0,0.0,^GSPC,30min,yfinance
2025-03-06 10:30:00-05:00,5796.14013671875,5811.5498046875,5787.169921875,5798.009765625,174143167,0.0,0.0,^GSPC,30min,yfinance
2025-03-06 11:00:00-05:00,5798.1298828125,5812.080078125,5784.3798828125,5797.25,169983019,0.0,0.0,^GSPC,30min,yfinance
2025-03-06 11:30:00-05:00,5797.009765625,5810.0400390625,5755.81982421875,5756.240234375,164055688,0.0,0.0,^GSPC,30min,yfinance
2025-03-06 12:00:00-05:00,5756.16015625,5760.33984375,5731.7900390625,5736.6298828125,171726000,0.0,0.0,^GSPC,30min,yfinance
2025-03-06 12:30:00-05:00,5736.72021484375,5746.85009765625,5721.58984375,5741.33984375,150891000,0.0,0.0,^GSPC,30min,yfinance
2025-03-06 13:00:00-05:00,5741.27978515625,5751.68017578125,5731.3701171875,5736.080078125,145387000,0.0,0.0,^GSPC,30min,yfinance
2025-03-06 13:30:00-05:00,5736.08984375,5741.31982421875,5715.330078125,5732.39013671875,153461000,0.0,0.0,^GSPC,30min,yfinance
2025-03-06 14:00:00-05:00,5732.14013671875,5733.14013671875,5712.14013671875,5716.72021484375,161712000,0.0,0.0,^GSPC,30min,yfinance
2025-03-06 14:30:00-05:00,5716.58984375,5759.47998046875,5711.64013671875,5721.259765625,215470000,0.0,0.0,^GSPC,30min,yfinance
2025-03-06 15:00:00-05:00,5720.89990234375,5745.89013671875,5716.5400390625,5740.77978515625,217679000,0.0,0.0,^GSPC,30min,yfinance
2025-03-06 15:30:00-05:00,5740.7001953125,5752.1201171875,5726.740234375,5738.490234375,486145000,0.0,0.0,^GSPC,30min,yfinance
2025-03-07 09:30:00-05:00,5726.009765625,5770.47998046875,5719.68017578125,5750.58984375,275521950,0.0,0.0,^GSPC,30min,yfinance
2025-03-07 10:00:00-05:00,5749.2001953125,5759.72998046875,5728.31005859375,5732.7998046875,277815369,0.0,0.0,^GSPC,30min,yfinance
2025-03-07 10:30:00-05:00,5732.97998046875,5736.85009765625,5693.990234375,5718.22021484375,328635827,0.0,0.0,^GSPC,30min,yfinance
2025-03-07 11:00:00-05:00,5718.39013671875,5721.419921875,5683.43017578125,5685.080078125,227996000,0.0,0.0,^GSPC,30min,yfinance
2025-03-07 11:30:00-05:00,5685.39990234375,5689.1298828125,5666.2900390625,5679.9501953125,264264000,0.0,0.0,^GSPC,30min,yfinance
2025-03-07 12:00:00-05:00,5679.919921875,5694.8798828125,5668.16015625,5689.60986328125,208096000,0.0,0.0,^GSPC,30min,yfinance
2025-03-07 12:30:00-05:00,5689.7099609375,5739.9599609375,5684.919921875,5712.27978515625,225517000,0.0,0.0,^GSPC,30min,yfinance
2025-03-07 13:00:00-05:00,5712.06982421875,5751.83984375,5712.06982421875,5735.64990234375,185448000,0.0,0.0,^GSPC,30min,yfinance
2025-03-07 13:30:00-05:00,5735.740234375,5762.509765625,5733.56982421875,5761.75,181321000,0.0,0.0,^GSPC,30min,yfinance
2025-03-07 14:00:00-05:00,5761.990234375,5782.509765625,5751.93994140625,5775.83984375,188932000,0.0,0.0,^GSPC,30min,yfinance
2025-03-07 14:30:00-05:00,5776.0,5781.18994140625,5757.77978515625,5761.77001953125,180191000,0.0,0.0,^GSPC,30min,yfinance
2025-03-07 15:00:00-05:00,5761.85986328125,5776.66015625,5757.25,5769.81005859375,204845000,0.0,0.0,^GSPC,30min,yfinance
2025-03-07 15:30:00-05:00,5769.7099609375,5783.009765625,5739.68017578125,5769.14990234375,525867000,0.0,0.0,^GSPC,30min,yfinance
2025-03-10 09:30:00-04:00,5705.3701171875,5705.3701171875,5672.52001953125,5681.47998046875,270262215,0.0,0.0,^GSPC,30min,yfinance
2025-03-10 10:00:00-04:00,5681.3701171875,5681.3701171875,5659.97998046875,5663.10009765625,321971292,0.0,0.0,^GSPC,30min,yfinance
2025-03-10 10:30:00-04:00,5663.10986328125,5663.4599609375,5638.83984375,5647.7900390625,319371945,0.0,0.0,^GSPC,30min,yfinance
2025-03-10 11:00:00-04:00,5647.330078125,5661.6298828125,5647.330078125,5659.16015625,262324000,0.0,0.0,^GSPC,30min,yfinance
2025-03-10 11:30:00-04:00,5659.10986328125,5673.9501953125,5645.240234375,5646.66015625,236672000,0.0,0.0,^GSPC,30min,yfinance
2025-03-10 12:00:00-04:00,5646.52978515625,5653.06982421875,5633.169921875,5644.93994140625,197261000,0.0,0.0,^GSPC,30min,yfinance
2025-03-10 12:30:00-04:00,5645.33984375,5658.8798828125,5635.56005859375,5637.64013671875,184505000,0.0,0.0,^GSPC,30min,yfinance
2025-03-10 13:00:00-04:00,5637.75,5639.41015625,5619.52001953125,5626.2998046875,205959000,0.0,0.0,^GSPC,30min,yfinance
2025-03-10 13:30:00-04:00,5626.27978515625,5627.10009765625,5609.25,5612.419921875,186550000,0.0,0.0,^GSPC,30min,yfinance
2025-03-10 14:00:00-04:00,5612.169921875,5622.5,5602.77978515625,5605.89013671875,206294000,0.0,0.0,^GSPC,30min,yfinance
2025-03-10 14:30:00-04:00,5605.91015625,5612.27978515625,5579.16015625,5580.4599609375,204242000,0.0,0.0,^GSPC,30min,yfinance
2025-03-10 15:00:00-04:00,5580.509765625,5620.330078125,5564.93994140625,5605.02978515625,312475000,0.0,0.0,^GSPC,30min,yfinance
2025-03-10 15:30:00-04:00,5605.240234375,5632.68017578125,5599.9599609375,5615.0,642217000,0.0,0.0,^GSPC,30min,yfinance
2025-03-11 09:30:00-04:00,5603.64990234375,5625.68017578125,5592.64990234375,5605.39013671875,297652543,0.0,0.0,^GSPC,30min,yfinance
2025-03-11 10:00:00-04:00,5605.47021484375,5625.009765625,5564.6201171875,5567.41015625,341005938,0.0,0.0,^GSPC,30min,yfinance
2025-03-11 10:30:00-04:00,5567.35009765625,5579.080078125,5549.080078125,5556.419921875,291226708,0.0,0.0,^GSPC,30min,yfinance
2025-03-11 11:00:00-04:00,5555.60986328125,5596.02001953125,5549.419921875,5580.27001953125,244649000,0.0,0.0,^GSPC,30min,yfinance
2025-03-11 11:30:00-04:00,5580.39013671875,5607.509765625,5578.22998046875,5579.97021484375,188447000,0.0,0.0,^GSPC,30min,yfinance
2025-03-11 12:00:00-04:00,5580.35009765625,5583.89990234375,5556.9501953125,5566.93994140625,171185000,0.0,0.0,^GSPC,30min,yfinance
2025-03-11 12:30:00-04:00,5567.2001953125,5576.56982421875,5544.669921875,5551.10986328125,156033000,0.0,0.0,^GSPC,30min,yfinance
2025-03-11 13:00:00-04:00,5551.06005859375,5551.330078125,5528.8798828125,5530.06982421875,163523000,0.0,0.0,^GSPC,30min,yfinance
2025-03-11 13:30:00-04:00,5529.85009765625,5560.97021484375,5528.41015625,5549.7001953125,181935000,0.0,0.0,^GSPC,30min,yfinance
2025-03-11 14:00:00-04:00,5550.06982421875,5600.60986328125,5549.5,5592.7099609375,202796000,0.0,0.0,^GSPC,30min,yfinance
2025-03-11 14:30:00-04:00,5592.64990234375,5636.2998046875,5582.68017578125,5623.52001953125,249150000,0.0,0.0,^GSPC,30min,yfinance
2025-03-11 15:00:00-04:00,5623.47021484375,5633.35009765625,5595.66015625,5604.31005859375,259204000,0.0,0.0,^GSPC,30min,yfinance
2025-03-11 15:30:00-04:00,5604.4501953125,5610.56005859375,5569.58984375,5571.7900390625,525871000,0.0,0.0,^GSPC,30min,yfinance
2025-03-12 09:30:00-04:00,5624.83984375,5642.18994140625,5593.7001953125,5603.3798828125,294613133,0.0,0.0,^GSPC,30min,yfinance
2025-03-12 10:00:00-04:00,5603.83984375,5614.0,5589.35009765625,5599.3798828125,269298924,0.0,0.0,^GSPC,30min,yfinance
2025-03-12 10:30:00-04:00,5599.22021484375,5600.64990234375,5563.27978515625,5563.27978515625,233387964,0.0,0.0,^GSPC,30min,yfinance
2025-03-12 11:00:00-04:00,5563.43994140625,5579.419921875,5546.08984375,5577.43994140625,203301000,0.0,0.0,^GSPC,30min,yfinance
2025-03-12 11:30:00-04:00,5577.5,5600.0498046875,5574.9599609375,5599.85986328125,171598000,0.0,0.0,^GSPC,30min,yfinance
2025-03-12 12:00:00-04:00,5599.7900390625,5616.5498046875,5591.3701171875,5611.0,165740000,0.0,0.0,^GSPC,30min,yfinance
2025-03-12 12:30:00-04:00,5611.1201171875,5621.3701171875,5596.490234375,5599.77001953125,160039000,0.0,0.0,^GSPC,30min,yfinance
2025-03-12 13:00:00-04:00,5599.72998046875,5622.7001953125,5596.0,5622.47998046875,134430000,0.0,0.0,^GSPC,30min,yfinance
2025-03-12 13:30:00-04:00,5622.5,5625.9501953125,5587.740234375,5587.740234375,149677000,0.0,0.0,^GSPC,30min,yfinance
2025-03-12 14:00:00-04:00,5587.85009765625,5610.22021484375,5586.68017578125,5610.169921875,149989000,0.0,0.0,^GSPC,30min,yfinance
2025-03-12 14:30:00-04:00,5610.2998046875,5626.91015625,5607.8798828125,5620.7099609375,149214000,0.0,0.0,^GSPC,30min,yfinance
2025-03-12 15:00:00-04:00,5620.58984375,5620.58984375,5598.0400390625,5605.009765625,188618000,0.0,0.0,^GSPC,30min,yfinance
2025-03-12 15:30:00-04:00,5605.009765625,5610.93994140625,5590.93994140625,5598.27978515625,460388000,0.0,0.0,^GSPC,30min,yfinance
2025-03-13 09:30:00-04:00,5594.4501953125,5595.8701171875,5553.0,5557.740234375,270195562,0.0,0.0,^GSPC,30min,yfinance
2025-03-13 10:00:00-04:00,5557.669921875,5597.77978515625,5551.7001953125,5579.22021484375,278055308,0.0,0.0,^GSPC,30min,yfinance
2025-03-13 10:30:00-04:00,5579.2099609375,5590.1298828125,5564.509765625,5567.93017578125,196942243,0.0,0.0,^GSPC,30min,yfinance
2025-03-13 11:00:00-04:00,5568.72021484375,5576.72998046875,5549.3798828125,5550.91015625,169977845,0.0,0.0,^GSPC,30min,yfinance
2025-03-13 11:30:00-04:00,5550.669921875,5556.7900390625,5530.990234375,5531.60009765625,190996000,0.0,0.0,^GSPC,30min,yfinance
2025-03-13 12:00:00-04:00,5531.580078125,5546.52001953125,5530.06005859375,5533.5,164534000,0.0,0.0,^GSPC,30min,yfinance
2025-03-13 12:30:00-04:00,5533.58984375,5552.2099609375,5521.7900390625,5532.72998046875,166193000,0.0,0.0,^GSPC,30min,yfinance
2025-03-13 13:00:00-04:00,5532.72021484375,5539.5498046875,5511.39990234375,5519.16015625,143464000,0.0,0.0,^GSPC,30min,yfinance
2025-03-13 13:30:00-04:00,5518.81982421875,5518.9599609375,5504.64990234375,5507.6298828125,147980000,0.0,0.0,^GSPC,30min,yfinance
2025-03-13 14:00:00-04:00,5507.60009765625,5538.66015625,5507.0400390625,5537.27001953125,158669000,0.0,0.0,^GSPC,30min,yfinance
2025-03-13 14:30:00-04:00,5537.35009765625,5550.2001953125,5533.41015625,5546.7900390625,151182000,0.0,0.0,^GSPC,30min,yfinance
2025-03-13 15:00:00-04:00,5546.7099609375,5553.10009765625,5517.990234375,5522.25,183350000,0.0,0.0,^GSPC,30min,yfinance
2025-03-13 15:30:00-04:00,5522.35986328125,5527.58984375,5509.259765625,5521.56005859375,466256000,0.0,0.0,^GSPC,30min,yfinance
2025-03-14 09:30:00-04:00,5563.85009765625,5603.93017578125,5563.85009765625,5589.5,225038176,0.0,0.0,^GSPC,30min,yfinance
2025-03-14 10:00:00-04:00,5590.240234375,5595.25,5565.7001953125,5576.02001953125,244146615,0.0,0.0,^GSPC,30min,yfinance
2025-03-14 10:30:00-04:00,5575.990234375,5608.33984375,5575.7099609375,5608.33984375,178374084,0.0,0.0,^GSPC,30min,yfinance
2025-03-14 11:00:00-04:00,5609.2099609375,5621.5,5606.93994140625,5617.39013671875,176193302,0.0,0.0,^GSPC,30min,yfinance
2025-03-14 11:30:00-04:00,5617.3798828125,5630.919921875,5617.3798828125,5627.509765625,161520644,0.0,0.0,^GSPC,30min,yfinance
2025-03-14 12:00:00-04:00,5627.60009765625,5628.39013671875,5607.830078125,5609.39013671875,135588000,0.0,0.0,^GSPC,30min,yfinance
2025-03-14 12:30:00-04:00,5609.27978515625,5630.33984375,5607.72021484375,5627.18994140625,129110000,0.0,0.0,^GSPC,30min,yfinance
2025-03-14 13:00:00-04:00,5626.990234375,5634.06005859375,5619.7099609375,5621.47021484375,129180000,0.0,0.0,^GSPC,30min,yfinance
2025-03-14 13:30:00-04:00,5621.4501953125,5625.83984375,5612.27978515625,5613.0400390625,115066000,0.0,0.0,^GSPC,30min,yfinance
2025-03-14 14:00:00-04:00,5613.14013671875,5623.6201171875,5609.68017578125,5613.740234375,116033000,0.0,0.0,^GSPC,30min,yfinance
2025-03-14 14:30:00-04:00,5613.830078125,5631.18994140625,5613.830078125,5624.490234375,137471000,0.0,0.0,^GSPC,30min,yfinance
2025-03-14 15:00:00-04:00,5624.52978515625,5634.0,5622.25,5625.240234375,158162000,0.0,0.0,^GSPC,30min,yfinance
2025-03-14 15:30:00-04:00,5625.25,5645.27001953125,5621.2900390625,5636.85986328125,464315000,0.0,0.0,^GSPC,30min,yfinance
2025-03-17 09:30:00-04:00,5635.60009765625,5669.2998046875,5631.1201171875,5663.22998046875,218044658,0.0,0.0,^GSPC,30min,yfinance
2025-03-17 10:00:00-04:00,5663.06005859375,5668.60009765625,5650.43017578125,5652.419921875,230127328,0.0,0.0,^GSPC,30min,yfinance
2025-03-17 10:30:00-04:00,5652.5,5662.7998046875,5643.41015625,5645.7099609375,189064919,0.0,0.0,^GSPC,30min,yfinance
2025-03-17 11:00:00-04:00,5646.31982421875,5658.0498046875,5641.759765625,5648.5498046875,156312016,0.0,0.0,^GSPC,30min,yfinance
2025-03-17 11:30:00-04:00,5648.5400390625,5651.27978515625,5636.009765625,5644.6298828125,132147310,0.0,0.0,^GSPC,30min,yfinance
2025-03-17 12:00:00-04:00,5644.5498046875,5658.6298828125,5639.990234375,5644.919921875,121276000,0.0,0.0,^GSPC,30min,yfinance
2025-03-17 12:30:00-04:00,5644.9599609375,5655.3701171875,5641.81982421875,5652.43994140625,117187000,0.0,0.0,^GSPC,30min,yfinance
2025-03-17 13:00:00-04:00,5652.39013671875,5666.22998046875,5646.64013671875,5664.18017578125,109631000,0.0,0.0,^GSPC,30min,yfinance
2025-03-17 13:30:00-04:00,5664.3701171875,5679.7001953125,5663.10009765625,5677.75,128175000,0.0,0.0,^GSPC,30min,yfinance
2025-03-17 14:00:00-04:00,5677.72021484375,5695.64013671875,5677.669921875,5693.6201171875,140848000,0.0,0.0,^GSPC,30min,yfinance
2025-03-17 14:30:00-04:00,5693.6298828125,5703.52001953125,5692.169921875,5698.66015625,138855000,0.0,0.0,^GSPC,30min,yfinance
2025-03-17 15:00:00-04:00,5698.68017578125,5699.35009765625,5691.0498046875,5696.919921875,158741000,0.0,0.0,^GSPC,30min,yfinance
2025-03-17 15:30:00-04:00,5696.85986328125,5699.22998046875,5674.759765625,5676.16015625,435157000,0.0,0.0,^GSPC,30min,yfinance
2025-03-18 09:30:00-04:00,5654.52978515625,5654.52978515625,5611.75,5614.10009765625,232724782,0.0,0.0,^GSPC,30min,yfinance
2025-03-18 10:00:00-04:00,5614.0,5622.43017578125,5608.14990234375,5619.18994140625,215572329,0.0,0.0,^GSPC,30min,yfinance
2025-03-18 10:30:00-04:00,5618.93994140625,5626.43994140625,5609.919921875,5613.8798828125,184031683,0.0,0.0,^GSPC,30min,yfinance
2025-03-18 11:00:00-04:00,5613.60009765625,5614.56005859375,5599.8701171875,5606.35986328125,161359729,0.0,0.0,^GSPC,30min,yfinance
2025-03-18 11:30:00-04:00,5606.60009765625,5613.330078125,5597.759765625,5602.259765625,130278853,0.0,0.0,^GSPC,30min,yfinance
2025-03-18 12:00:00-04:00,5602.14013671875,5621.77001953125,5600.4501953125,5621.60986328125,123603000,0.0,0.0,^GSPC,30min,yfinance
2025-03-18 12:30:00-04:00,5622.02001953125,5623.25,5600.0,5615.22998046875,127746000,0.0,0.0,^GSPC,30min,yfinance
2025-03-18 13:00:00-04:00,5615.009765625,5617.5498046875,5601.14990234375,5611.2998046875,135211000,0.0,0.0,^GSPC,30min,yfinance
2025-03-18 13:30:00-04:00,5611.41015625,5621.5498046875,5607.18994140625,5614.35986328125,125387000,0.0,0.0,^GSPC,30min,yfinance
2025-03-18 14:00:00-04:00,5614.2001953125,5619.47021484375,5603.89990234375,5611.47998046875,133062000,0.0,0.0,^GSPC,30min,yfinance
2025-03-18 14:30:00-04:00,5611.41015625,5627.72998046875,5610.9501953125,5620.56005859375,134086000,0.0,0.0,^GSPC,30min,yfinance
2025-03-18 15:00:00-04:00,5620.39990234375,5623.14990234375,5612.5498046875,5617.419921875,149692000,0.0,0.0,^GSPC,30min,yfinance
2025-03-18 15:30:00-04:00,5617.3798828125,5620.47998046875,5605.2001953125,5615.3701171875,399439000,0.0,0.0,^GSPC,30min,yfinance
2025-03-19 09:30:00-04:00,5632.3701171875,5651.14990234375,5622.2001953125,5646.3798828125,173668785,0.0,0.0,^GSPC,30min,yfinance
2025-03-19 10:00:00-04:00,5646.4501953125,5660.0400390625,5646.4501953125,5651.68994140625,182054287,0.0,0.0,^GSPC,30min,yfinance
2025-03-19 10:30:00-04:00,5651.64990234375,5654.85009765625,5640.06005859375,5640.490234375,146383489,0.0,0.0,^GSPC,30min,yfinance
2025-03-19 11:00:00-04:00,5641.0498046875,5653.5400390625,5639.85009765625,5652.33984375,137640412,0.0,0.0,^GSPC,30min,yfinance
2025-03-19 11:30:00-04:00,5652.31005859375,5668.93017578125,5650.35009765625,5663.72021484375,118434174,0.0,0.0,^GSPC,30min,yfinance
2025-03-19 12:00:00-04:00,5663.740234375,5668.31982421875,5657.4501953125,5662.2001953125,112547350,0.0,0.0,^GSPC,30min,yfinance
2025-03-19 12:30:00-04:00,5662.10986328125,5662.43994140625,5653.64013671875,5655.6201171875,104381980,0.0,0.0,^GSPC,30min,yfinance
2025-03-19 13:00:00-04:00,5655.68994140625,5657.830078125,5639.68994140625,5639.990234375,105394000,0.0,0.0,^GSPC,30min,yfinance
2025-03-19 13:30:00-04:00,5640.0,5648.3701171875,5634.08984375,5638.39990234375,109014000,0.0,0.0,^GSPC,30min,yfinance
2025-03-19 14:00:00-04:00,5637.39990234375,5664.22998046875,5633.2001953125,5652.240234375,171589000,0.0,0.0,^GSPC,30min,yfinance
2025-03-19 14:30:00-04:00,5652.259765625,5690.91015625,5652.259765625,5689.0,199133000,0.0,0.0,^GSPC,30min,yfinance
2025-03-19 15:00:00-04:00,5688.85986328125,5715.330078125,5673.2998046875,5678.2099609375,247350000,0.0,0.0,^GSPC,30min,yfinance
2025-03-19 15:30:00-04:00,5678.08984375,5699.4599609375,5672.8798828125,5675.27978515625,445525000,0.0,0.0,^GSPC,30min,yfinance
2025-03-20 09:30:00-04:00,5646.919921875,5674.27001953125,5632.330078125,5674.2099609375,174825741,0.0,0.0,^GSPC,30min,yfinance
2025-03-20 10:00:00-04:00,5672.89013671875,5706.18994140625,5672.35986328125,5701.27001953125,198235242,0.0,0.0,^GSPC,30min,yfinance
2025-03-20 10:30:00-04:00,5701.2900390625,5711.14990234375,5695.0498046875,5700.5400390625,159293649,0.0,0.0,^GSPC,30min,yfinance
2025-03-20 11:00:00-04:00,5700.1201171875,5704.330078125,5693.39013671875,5697.27978515625,139874114,0.0,0.0,^GSPC,30min,yfinance
2025-03-20 11:30:00-04:00,5695.169921875,5700.81982421875,5683.240234375,5687.60009765625,156100897,0.0,0.0,^GSPC,30min,yfinance
2025-03-20 12:00:00-04:00,5687.60986328125,5698.9599609375,5665.89990234375,5667.10009765625,136236313,0.0,0.0,^GSPC,30min,yfinance
2025-03-20 12:30:00-04:00,5667.35986328125,5675.31005859375,5662.419921875,5663.68017578125,119213000,0.0,0.0,^GSPC,30min,yfinance
2025-03-20 13:00:00-04:00,5663.740234375,5677.39013671875,5652.8798828125,5652.89013671875,121858000,0.0,0.0,^GSPC,30min,yfinance
2025-03-20 13:30:00-04:00,5652.91015625,5670.0400390625,5652.52978515625,5656.759765625,107012000,0.0,0.0,^GSPC,30min,yfinance
2025-03-20 14:00:00-04:00,5656.85986328125,5666.919921875,5646.93017578125,5647.18017578125,114143000,0.0,0.0,^GSPC,30min,yfinance
2025-03-20 14:30:00-04:00,5647.1298828125,5663.919921875,5643.83984375,5650.14990234375,123672000,0.0,0.0,^GSPC,30min,yfinance
2025-03-20 15:00:00-04:00,5650.14990234375,5668.31982421875,5649.77978515625,5652.35986328125,142082000,0.0,0.0,^GSPC,30min,yfinance
2025-03-20 15:30:00-04:00,5652.27001953125,5671.93994140625,5652.27001953125,5662.06982421875,405413000,0.0,0.0,^GSPC,30min,yfinance
2025-03-21 09:30:00-04:00,5630.72998046875,5630.72998046875,5605.5,5621.35009765625,217187041,0.0,0.0,^GSPC,30min,yfinance
2025-03-21 10:00:00-04:00,5621.22021484375,5625.93017578125,5603.10009765625,5621.5,211954334,0.0,0.0,^GSPC,30min,yfinance
2025-03-21 10:30:00-04:00,5621.72998046875,5637.52001953125,5613.66015625,5637.509765625,169832729,0.0,0.0,^GSPC,30min,yfinance
2025-03-21 11:00:00-04:00,5637.25,5640.5,5620.1298828125,5621.009765625,160735000,0.0,0.0,^GSPC,30min,yfinance
2025-03-21 11:30:00-04:00,5620.8798828125,5627.68017578125,5612.240234375,5617.39990234375,138670000,0.0,0.0,^GSPC,30min,yfinance
2025-03-21 12:00:00-04:00,5617.14013671875,5650.10009765625,5611.41015625,5646.77001953125,156911000,0.0,0.0,^GSPC,30min,yfinance
2025-03-21 12:30:00-04:00,5646.81005859375,5658.81982421875,5641.18994140625,5658.81982421875,126360000,0.0,0.0,^GSPC,30min,yfinance
2025-03-21 13:00:00-04:00,5658.77978515625,5658.77978515625,5642.22021484375,5643.68017578125,132028000,0.0,0.0,^GSPC,30min,yfinance
2025-03-21 13:30:00-04:00,5643.669921875,5661.60986328125,5638.759765625,5651.75,114143000,0.0,0.0,^GSPC,30min,yfinance
2025-03-21 14:00:00-04:00,5651.81005859375,5655.240234375,5643.41015625,5643.60986328125,126012000,0.0,0.0,^GSPC,30min,yfinance
2025-03-21 14:30:00-04:00,5643.58984375,5655.06982421875,5643.58984375,5647.919921875,139123000,0.0,0.0,^GSPC,30min,yfinance
2025-03-21 15:00:00-04:00,5647.93017578125,5648.2001953125,5637.58984375,5642.4501953125,184987000,0.0,0.0,^GSPC,30min,yfinance
2025-03-21 15:30:00-04:00,5642.4599609375,5670.83984375,5640.0400390625,5666.68017578125,663395000,0.0,0.0,^GSPC,30min,yfinance
2025-03-24 09:30:00-04:00,5718.080078125,5753.52001953125,5718.080078125,5750.56982421875,220631317,0.0,0.0,^GSPC,30min,yfinance
2025-03-24 10:00:00-04:00,5750.60009765625,5755.93994140625,5742.91015625,5754.18994140625,211688915,0.0,0.0,^GSPC,30min,yfinance
2025-03-24 10:30:00-04:00,5754.14990234375,5759.33984375,5749.81982421875,5758.39013671875,177465332,0.0,0.0,^GSPC,30min,yfinance
2025-03-24 11:00:00-04:00,5758.43017578125,5762.9501953125,5755.0400390625,5759.669921875,146802612,0.0,0.0,^GSPC,30min,yfinance
2025-03-24 11:30:00-04:00,5759.72021484375,5761.60009765625,5754.64990234375,5761.33984375,132317810,0.0,0.0,^GSPC,30min,yfinance
2025-03-24 12:00:00-04:00,5761.2998046875,5766.56005859375,5756.0498046875,5756.18017578125,126931000,0.0,0.0,^GSPC,30min,yfinance
2025-03-24 12:30:00-04:00,5755.7900390625,5758.10009765625,5750.81982421875,5754.18017578125,116659000,0.0,0.0,^GSPC,30min,yfinance
2025-03-24 13:00:00-04:00,5754.18017578125,5754.7998046875,5747.77001953125,5752.77001953125,106453000,0.0,0.0,^GSPC,30min,yfinance
2025-03-24 13:30:00-04:00,5752.75,5756.10986328125,5750.33984375,5753.3798828125,107414000,0.0,0.0,^GSPC,30min,yfinance
2025-03-24 14:00:00-04:00,5753.2900390625,5753.85009765625,5743.85986328125,5746.419921875,118467000,0.0,0.0,^GSPC,30min,yfinance
2025-03-24 14:30:00-04:00,5746.509765625,5759.1298828125,5743.68994140625,5758.60009765625,129447000,0.0,0.0,^GSPC,30min,yfinance
2025-03-24 15:00:00-04:00,5758.68017578125,5764.81005859375,5757.419921875,5761.89013671875,152529000,0.0,0.0,^GSPC,30min,yfinance
2025-03-24 15:30:00-04:00,5762.009765625,5775.14013671875,5761.22021484375,5765.14990234375,418387000,0.0,0.0,^GSPC,30min,yfinance
2025-03-25 09:30:00-04:00,5775.9599609375,5779.759765625,5763.91015625,5770.0,206974828,0.0,0.0,^GSPC,30min,yfinance
2025-03-25 10:00:00-04:00,5770.580078125,5781.35009765625,5763.0498046875,5781.35009765625,189891620,0.0,0.0,^GSPC,30min,yfinance
2025-03-25 10:30:00-04:00,5781.3701171875,5786.9501953125,5777.4599609375,5783.31982421875,159348829,0.0,0.0,^GSPC,30min,yfinance
2025-03-25 11:00:00-04:00,5783.10009765625,5785.35986328125,5779.43017578125,5780.39990234375,130098194,0.0,0.0,^GSPC,30min,yfinance
2025-03-25 11:30:00-04:00,5780.39013671875,5780.60009765625,5768.68994140625,5770.47998046875,112598114,0.0,0.0,^GSPC,30min,yfinance
2025-03-25 12:00:00-04:00,5770.3798828125,5772.31005859375,5767.08984375,5767.97021484375,114740223,0.0,0.0,^GSPC,30min,yfinance
2025-03-25 12:30:00-04:00,5767.919921875,5773.18017578125,5764.6201171875,5771.7998046875,98638000,0.0,0.0,^GSPC,30min,yfinance
2025-03-25 13:00:00-04:00,5771.8798828125,5778.419921875,5763.22021484375,5764.3701171875,97072000,0.0,0.0,^GSPC,30min,yfinance
2025-03-25 13:30:00-04:00,5764.39990234375,5769.31005859375,5764.009765625,5764.31005859375,91868000,0.0,0.0,^GSPC,30min,yfinance
2025-03-25 14:00:00-04:00,5764.35986328125,5772.14990234375,5761.4501953125,5766.509765625,104973000,0.0,0.0,^GSPC,30min,yfinance
2025-03-25 14:30:00-04:00,5766.64013671875,5768.22021484375,5760.419921875,5762.06982421875,116717000,0.0,0.0,^GSPC,30min,yfinance
2025-03-25 15:00:00-04:00,5762.0498046875,5768.6298828125,5762.02001953125,5764.580078125,143457000,0.0,0.0,^GSPC,30min,yfinance
2025-03-25 15:30:00-04:00,5764.39990234375,5778.4501953125,5761.14013671875,5776.830078125,410758000,0.0,0.0,^GSPC,30min,yfinance
2025-03-26 09:30:00-04:00,5771.66015625,5783.6201171875,5755.72021484375,5758.77978515625,209938754,0.0,0.0,^GSPC,30min,yfinance
2025-03-26 10:00:00-04:00,5758.759765625,5766.14990234375,5746.7900390625,5755.77001953125,225978752,0.0,0.0,^GSPC,30min,yfinance
2025-03-26 10:30:00-04:00,5755.7900390625,5760.4599609375,5750.8798828125,5757.18994140625,161078054,0.0,0.0,^GSPC,30min,yfinance
2025-03-26 11:00:00-04:00,5757.22998046875,5760.77001953125,5742.93017578125,5745.68017578125,140593565,0.0,0.0,^GSPC,30min,yfinance
2025-03-26 11:30:00-04:00,5745.56982421875,5749.9501953125,5724.68017578125,5728.93017578125,142165440,0.0,0.0,^GSPC,30min,yfinance
2025-03-26 12:00:00-04:00,5728.9501953125,5733.06005859375,5724.81982421875,5732.97021484375,133790017,0.0,0.0,^GSPC,30min,yfinance
2025-03-26 12:30:00-04:00,5732.9501953125,5736.02978515625,5715.64013671875,5716.81982421875,125157000,0.0,0.0,^GSPC,30min,yfinance
2025-03-26 13:00:00-04:00,5716.81982421875,5724.16015625,5710.169921875,5712.3701171875,123191000,0.0,0.0,^GSPC,30min,yfinance
2025-03-26 13:30:00-04:00,5712.2001953125,5714.490234375,5701.830078125,5702.830078125,143042000,0.0,0.0,^GSPC,30min,yfinance
2025-03-26 14:00:00-04:00,5702.85986328125,5717.58984375,5702.64013671875,5715.259765625,129990000,0.0,0.0,^GSPC,30min,yfinance
2025-03-26 14:30:00-04:00,5715.22021484375,5717.16015625,5695.18994140625,5696.5400390625,130180000,0.0,0.0,^GSPC,30min,yfinance
2025-03-26 15:00:00-04:00,5696.509765625,5708.72021484375,5694.41015625,5699.22021484375,166304000,0.0,0.0,^GSPC,30min,yfinance
2025-03-26 15:30:00-04:00,5699.1201171875,5717.919921875,5698.72998046875,5712.10986328125,407107000,0.0,0.0,^GSPC,30min,yfinance
2025-03-27 09:30:00-04:00,5695.64013671875,5706.6298828125,5670.93994140625,5705.33984375,241792227,0.0,0.0,^GSPC,30min,yfinance
2025-03-27 10:00:00-04:00,5705.6201171875,5717.85986328125,5697.97021484375,5717.85986328125,208767100,0.0,0.0,^GSPC,30min,yfinance
2025-03-27 10:30:00-04:00,5717.7900390625,5730.669921875,5715.91015625,5730.66015625,194431989,0.0,0.0,^GSPC,30min,yfinance
2025-03-27 11:00:00-04:00,5731.5400390625,5732.27978515625,5720.91015625,5720.91015625,157466375,0.0,0.0,^GSPC,30min,yfinance
2025-03-27 11:30:00-04:00,5721.02001953125,5721.08984375,5700.93994140625,5701.77978515625,147334676,0.0,0.0,^GSPC,30min,yfinance
2025-03-27 12:00:00-04:00,5701.93017578125,5721.2099609375,5700.919921875,5708.93017578125,130351000,0.0,0.0,^GSPC,30min,yfinance
2025-03-27 12:30:00-04:00,5709.02001953125,5715.22998046875,5688.83984375,5689.2900390625,115037000,0.0,0.0,^GSPC,30min,yfinance
2025-03-27 13:00:00-04:00,5689.22021484375,5703.72998046875,5686.990234375,5690.47021484375,124694000,0.0,0.0,^GSPC,30min,yfinance
2025-03-27 13:30:00-04:00,5690.3701171875,5699.41015625,5687.169921875,5688.5400390625,117596000,0.0,0.0,^GSPC,30min,yfinance
2025-03-27 14:00:00-04:00,5688.5498046875,5708.58984375,5688.35009765625,5701.89013671875,130354000,0.0,0.0,^GSPC,30min,yfinance
2025-03-27 14:30:00-04:00,5701.8798828125,5713.9599609375,5697.43994140625,5698.22021484375,120622000,0.0,0.0,^GSPC,30min,yfinance
2025-03-27 15:00:00-04:00,5698.169921875,5722.31005859375,5697.33984375,5719.89990234375,146557000,0.0,0.0,^GSPC,30min,yfinance
2025-03-27 15:30:00-04:00,5719.830078125,5719.8701171875,5690.6201171875,5692.35986328125,398197000,0.0,0.0,^GSPC,30min,yfinance
2025-03-28 09:30:00-04:00,5679.2001953125,5685.89013671875,5660.4599609375,5660.93017578125,174276025,0.0,0.0,^GSPC,30min,yfinance
2025-03-28 10:00:00-04:00,5660.8701171875,5665.52001953125,5616.740234375,5616.9501953125,244260506,0.0,0.0,^GSPC,30min,yfinance
2025-03-28 10:30:00-04:00,5616.9501953125,5622.31982421875,5605.10009765625,5609.7900390625,200479028,0.0,0.0,^GSPC,30min,yfinance
2025-03-28 11:00:00-04:00,5609.22021484375,5613.47021484375,5599.64013671875,5611.10009765625,165428146,0.0,0.0,^GSPC,30min,yfinance
2025-03-28 11:30:00-04:00,5610.990234375,5619.330078125,5601.33984375,5601.33984375,131157104,0.0,0.0,^GSPC,30min,yfinance
2025-03-28 12:00:00-04:00,5601.2001953125,5609.259765625,5588.490234375,5590.490234375,120875000,0.0,0.0,^GSPC,30min,yfinance
2025-03-28 12:30:00-04:00,5590.47021484375,5597.080078125,5586.27978515625,5587.02978515625,115682000,0.0,0.0,^GSPC,30min,yfinance
2025-03-28 13:00:00-04:00,5587.02001953125,5587.02001953125,5573.93994140625,5575.0498046875,129332000,0.0,0.0,^GSPC,30min,yfinance
2025-03-28 13:30:00-04:00,5575.080078125,5585.77978515625,5574.06982421875,5585.77978515625,110690000,0.0,0.0,^GSPC,30min,yfinance
2025-03-28 14:00:00-04:00,5585.669921875,5591.25,5579.0400390625,5581.8798828125,139353000,0.0,0.0,^GSPC,30min,yfinance
2025-03-28 14:30:00-04:00,5581.81982421875,5584.7001953125,5575.39013671875,5583.89990234375,124767000,0.0,0.0,^GSPC,30min,yfinance
2025-03-28 15:00:00-04:00,5584.009765625,5588.75,5578.35009765625,5579.16015625,161752000,0.0,0.0,^GSPC,30min,yfinance
2025-03-28 15:30:00-04:00,5579.0498046875,5586.56005859375,5572.419921875,5580.27978515625,441716000,0.0,0.0,^GSPC,30min,yfinance
2025-03-31 09:30:00-04:00,5527.91015625,5527.91015625,5488.72998046875,5518.2900390625,279282441,0.0,0.0,^GSPC,30min,yfinance
2025-03-31 10:00:00-04:00,5519.10986328125,5536.52001953125,5515.18994140625,5516.27001953125,246937482,0.0,0.0,^GSPC,30min,yfinance
2025-03-31 10:30:00-04:00,5516.25,5539.85009765625,5516.25,5536.14013671875,199200122,0.0,0.0,^GSPC,30min,yfinance
2025-03-31 11:00:00-04:00,5536.35986328125,5555.2001953125,5534.259765625,5546.41015625,174253767,0.0,0.0,^GSPC,30min,yfinance
2025-03-31 11:30:00-04:00,5546.75,5562.419921875,5542.419921875,5553.8701171875,152458000,0.0,0.0,^GSPC,30min,yfinance
2025-03-31 12:00:00-04:00,5554.08984375,5566.16015625,5540.740234375,5566.14013671875,133578000,0.0,0.0,^GSPC,30min,yfinance
2025-03-31 12:30:00-04:00,5566.18994140625,5566.18994140625,5553.02001953125,5554.47998046875,112863000,0.0,0.0,^GSPC,30min,yfinance
2025-03-31 13:00:00-04:00,5554.490234375,5572.60009765625,5550.419921875,5557.080078125,123460000,0.0,0.0,^GSPC,30min,yfinance
2025-03-31 13:30:00-04:00,5557.27978515625,5562.81005859375,5549.10009765625,5553.009765625,105063000,0.0,0.0,^GSPC,30min,yfinance
2025-03-31 14:00:00-04:00,5553.02001953125,5590.77001953125,5552.4599609375,5590.5,148669000,0.0,0.0,^GSPC,30min,yfinance
2025-03-31 14:30:00-04:00,5590.77001953125,5600.2998046875,5584.72021484375,5585.64990234375,155024000,0.0,0.0,^GSPC,30min,yfinance
2025-03-31 15:00:00-04:00,5585.60009765625,5612.43994140625,5585.169921875,5595.3798828125,175895000,0.0,0.0,^GSPC,30min,yfinance
2025-03-31 15:30:00-04:00,5595.35009765625,5627.56005859375,5593.10009765625,5611.330078125,530559000,0.0,0.0,^GSPC,30min,yfinance
2025-04-01 09:30:00-04:00,5597.52978515625,5607.16015625,5582.830078125,5598.85009765625,196037858,0.0,0.0,^GSPC,30min,yfinance
2025-04-01 10:00:00-04:00,5593.33984375,5596.83984375,5558.52001953125,5574.14990234375,226232524,0.0,0.0,^GSPC,30min,yfinance
2025-04-01 10:30:00-04:00,5574.02978515625,5619.14013671875,5572.7001953125,5618.7001953125,188307031,0.0,0.0,^GSPC,30min,yfinance
2025-04-01 11:00:00-04:00,5618.77001953125,5640.6201171875,5616.1298828125,5630.83984375,173714995,0.0,0.0,^GSPC,30min,yfinance
2025-04-01 11:30:00-04:00,5630.47021484375,5639.0400390625,5624.64013671875,5637.3701171875,139354213,0.0,0.0,^GSPC,30min,yfinance
2025-04-01 12:00:00-04:00,5637.33984375,5650.56982421875,5629.27001953125,5629.85009765625,134945000,0.0,0.0,^GSPC,30min,yfinance
2025-04-01 12:30:00-04:00,5629.77001953125,5634.77978515625,5615.740234375,5628.81005859375,125574000,0.0,0.0,^GSPC,30min,yfinance
2025-04-01 13:00:00-04:00,5628.8798828125,5632.580078125,5614.1298828125,5615.56005859375,105056000,0.0,0.0,^GSPC,30min,yfinance
2025-04-01 13:30:00-04:00,5615.58984375,5624.39990234375,5611.47021484375,5612.06005859375,107754000,0.0,0.0,^GSPC,30min,yfinance
2025-04-01 14:00:00-04:00,5612.0498046875,5613.10009765625,5585.58984375,5588.72021484375,133698000,0.0,0.0,^GSPC,30min,yfinance
2025-04-01 14:30:00-04:00,5588.6201171875,5598.33984375,5583.22021484375,5598.0400390625,136487000,0.0,0.0,^GSPC,30min,yfinance
2025-04-01 15:00:00-04:00,5597.990234375,5611.25,5596.31982421875,5606.4599609375,146068000,0.0,0.0,^GSPC,30min,yfinance
2025-04-01 15:30:00-04:00,5606.27001953125,5636.72021484375,5603.8701171875,5632.919921875,401054000,0.0,0.0,^GSPC,30min,yfinance
2025-04-02 09:30:00-04:00,5580.759765625,5619.35009765625,5571.47998046875,5611.06982421875,179342554,0.0,0.0,^GSPC,30min,yfinance
2025-04-02 10:00:00-04:00,5609.10986328125,5630.22021484375,5604.330078125,5629.89990234375,187833935,0.0,0.0,^GSPC,30min,yfinance
2025-04-02 10:30:00-04:00,5629.990234375,5643.9599609375,5625.89013671875,5642.7001953125,147593166,0.0,0.0,^GSPC,30min,yfinance
2025-04-02 11:00:00-04:00,5642.6201171875,5659.14990234375,5630.8798828125,5655.2001953125,157040108,0.0,0.0,^GSPC,30min,yfinance
2025-04-02 11:30:00-04:00,5655.2099609375,5659.0498046875,5633.3701171875,5644.759765625,154145725,0.0,0.0,^GSPC,30min,yfinance
2025-04-02 12:00:00-04:00,5644.60986328125,5664.3701171875,5643.18017578125,5664.35986328125,131879032,0.0,0.0,^GSPC,30min,yfinance
2025-04-02 12:30:00-04:00,5664.47998046875,5681.419921875,5657.8701171875,5678.27978515625,145635000,0.0,0.0,^GSPC,30min,yfinance
2025-04-02 13:00:00-04:00,5678.16015625,5695.31005859375,5677.8701171875,5682.8701171875,132780000,0.0,0.0,^GSPC,30min,yfinance
2025-04-02 13:30:00-04:00,5682.72021484375,5682.72021484375,5654.2001953125,5661.7998046875,124874000,0.0,0.0,^GSPC,30min,yfinance
2025-04-02 14:00:00-04:00,5661.89013671875,5664.68994140625,5633.919921875,5634.10986328125,129572000,0.0,0.0,^GSPC,30min,yfinance
2025-04-02 14:30:00-04:00,5633.58984375,5658.64013671875,5632.14013671875,5633.2998046875,132520000,0.0,0.0,^GSPC,30min,yfinance
2025-04-02 15:00:00-04:00,5633.27001953125,5654.5400390625,5633.27001953125,5653.10009765625,151591000,0.0,0.0,^GSPC,30min,yfinance
2025-04-02 15:30:00-04:00,5653.169921875,5677.93994140625,5648.7900390625,5669.25,405209000,0.0,0.0,^GSPC,30min,yfinance
2025-04-03 09:30:00-04:00,5492.740234375,5499.52978515625,5463.3798828125,5471.0400390625,433169216,0.0,0.0,^GSPC,30min,yfinance
2025-04-03 10:00:00-04:00,5469.93017578125,5471.47021484375,5436.66015625,5451.7998046875,411009752,0.0,0.0,^GSPC,30min,yfinance
2025-04-03 10:30:00-04:00,5451.22998046875,5455.3798828125,5421.31005859375,5421.97998046875,368619000,0.0,0.0,^GSPC,30min,yfinance
2025-04-03 11:00:00-04:00,5421.740234375,5447.14013671875,5418.16015625,5438.419921875,326192000,0.0,0.0,^GSPC,30min,yfinance
2025-04-03 11:30:00-04:00,5438.2900390625,5463.7900390625,5437.2099609375,5455.7900390625,268768000,0.0,0.0,^GSPC,30min,yfinance
2025-04-03 12:00:00-04:00,5455.7998046875,5479.830078125,5455.33984375,5479.06005859375,222069000,0.0,0.0,^GSPC,30min,yfinance
2025-04-03 12:30:00-04:00,5479.14013671875,5483.0498046875,5451.4501953125,5454.89990234375,199128000,0.0,0.0,^GSPC,30min,yfinance
2025-04-03 13:00:00-04:00,5454.8701171875,5463.68994140625,5440.68994140625,5443.08984375,184974000,0.0,0.0,^GSPC,30min,yfinance
2025-04-03 13:30:00-04:00,5443.33984375,5457.72021484375,5439.080078125,5439.3701171875,171460000,0.0,0.0,^GSPC,30min,yfinance
2025-04-03 14:00:00-04:00,5439.35986328125,5445.27001953125,5424.22021484375,5427.81005859375,204109000,0.0,0.0,^GSPC,30min,yfinance
2025-04-03 14:30:00-04:00,5427.830078125,5443.2001953125,5420.60986328125,5439.33984375,286318000,0.0,0.0,^GSPC,30min,yfinance
2025-04-03 15:00:00-04:00,5439.169921875,5440.2099609375,5406.75,5410.81982421875,342760000,0.0,0.0,^GSPC,30min,yfinance
2025-04-03 15:30:00-04:00,5410.72021484375,5415.93017578125,5396.7001953125,5398.31005859375,555129000,0.0,0.0,^GSPC,30min,yfinance
2025-04-04 09:30:00-04:00,5292.14013671875,5292.14013671875,5208.5498046875,5251.509765625,513681709,0.0,0.0,^GSPC,30min,yfinance
2025-04-04 10:00:00-04:00,5249.7099609375,5249.7099609375,5180.39990234375,5180.64990234375,477429022,0.0,0.0,^GSPC,30min,yfinance
2025-04-04 10:30:00-04:00,5180.8798828125,5192.18017578125,5118.77978515625,5173.080078125,511937000,0.0,0.0,^GSPC,30min,yfinance
2025-04-04 11:00:00-04:00,5172.7001953125,5243.5,5167.25,5182.93017578125,493579000,0.0,0.0,^GSPC,30min,yfinance
2025-04-04 11:30:00-04:00,5182.64013671875,5200.91015625,5160.58984375,5167.6298828125,343928000,0.0,0.0,^GSPC,30min,yfinance
2025-04-04 12:00:00-04:00,5167.7001953125,5191.10009765625,5137.97998046875,5141.7998046875,267899000,0.0,0.0,^GSPC,30min,yfinance
2025-04-04 12:30:00-04:00,5141.8701171875,5161.39990234375,5129.0498046875,5139.990234375,245625000,0.0,0.0,^GSPC,30min,yfinance
2025-04-04 13:00:00-04:00,5139.490234375,5152.91015625,5101.75,5129.97998046875,250793000,0.0,0.0,^GSPC,30min,yfinance
2025-04-04 13:30:00-04:00,5129.93994140625,5164.080078125,5116.39990234375,5163.14990234375,263374000,0.0,0.0,^GSPC,30min,yfinance
2025-04-04 14:00:00-04:00,5163.25,5174.93017578125,5104.81005859375,5107.22021484375,261680000,0.0,0.0,^GSPC,30min,yfinance
2025-04-04 14:30:00-04:00,5106.52001953125,5110.16015625,5074.490234375,5096.0498046875,273166000,0.0,0.0,^GSPC,30min,yfinance
2025-04-04 15:00:00-04:00,5095.93994140625,5137.259765625,5083.10986328125,5123.240234375,346293000,0.0,0.0,^GSPC,30min,yfinance
2025-04-04 15:30:00-04:00,5123.6201171875,5156.56005859375,5069.89990234375,5075.240234375,817836000,0.0,0.0,^GSPC,30min,yfinance
2025-04-07 09:30:00-04:00,4953.7900390625,4980.8798828125,4835.0400390625,4976.56982421875,541496779,0.0,0.0,^GSPC,30min,yfinance
2025-04-07 10:00:00-04:00,4974.35009765625,5246.56982421875,4951.85986328125,5005.33984375,765081223,0.0,0.0,^GSPC,30min,yfinance
2025-04-07 10:30:00-04:00,5005.740234375,5103.08984375,4956.06982421875,5078.7001953125,452824000,0.0,0.0,^GSPC,30min,yfinance
2025-04-07 11:00:00-04:00,5077.16015625,5114.7099609375,4950.8701171875,4956.259765625,417690000,0.0,0.0,^GSPC,30min,yfinance
2025-04-07 11:30:00-04:00,4955.64013671875,5055.7099609375,4955.64013671875,5013.759765625,283644000,0.0,0.0,^GSPC,30min,yfinance
2025-04-07 12:00:00-04:00,5013.2001953125,5019.72021484375,4969.35009765625,5013.10009765625,239624000,0.0,0.0,^GSPC,30min,yfinance
2025-04-07 12:30:00-04:00,5012.990234375,5033.64013671875,4967.0,4975.4501953125,213847000,0.0,0.0,^GSPC,30min,yfinance
2025-04-07 13:00:00-04:00,4975.06005859375,5075.22998046875,4975.06005859375,5073.93017578125,312225000,0.0,0.0,^GSPC,30min,yfinance
2025-04-07 13:30:00-04:00,5073.85009765625,5109.9501953125,5041.60986328125,5108.93994140625,314548000,0.0,0.0,^GSPC,30min,yfinance
2025-04-07 14:00:00-04:00,5108.52978515625,5120.56982421875,5065.919921875,5068.18994140625,309847000,0.0,0.0,^GSPC,30min,yfinance
2025-04-07 14:30:00-04:00,5068.259765625,5099.97021484375,5041.68017578125,5049.3701171875,258915000,0.0,0.0,^GSPC,30min,yfinance
2025-04-07 15:00:00-04:00,5049.56005859375,5078.6298828125,5020.4501953125,5024.4599609375,329659000,0.0,0.0,^GSPC,30min,yfinance
2025-04-07 15:30:00-04:00,5024.39990234375,5083.77978515625,5024.39990234375,5059.85986328125,679550000,0.0,0.0,^GSPC,30min,yfinance
2025-04-08 09:30:00-04:00,5193.56982421875,5249.89013671875,5193.56982421875,5244.6201171875,373112651,0.0,0.0,^GSPC,30min,yfinance
2025-04-08 10:00:00-04:00,5243.919921875,5267.47021484375,5240.43994140625,5253.85986328125,353141556,0.0,0.0,^GSPC,30min,yfinance
2025-04-08 10:30:00-04:00,5253.009765625,5259.77001953125,5197.9599609375,5197.9599609375,298422925,0.0,0.0,^GSPC,30min,yfinance
2025-04-08 11:00:00-04:00,5197.4501953125,5210.2099609375,5161.14990234375,5161.14990234375,288205000,0.0,0.0,^GSPC,30min,yfinance
2025-04-08 11:30:00-04:00,5161.18994140625,5203.27001953125,5159.81982421875,5185.85009765625,234067000,0.0,0.0,^GSPC,30min,yfinance
2025-04-08 12:00:00-04:00,5185.93017578125,5190.58984375,5136.9501953125,5157.0400390625,204336000,0.0,0.0,^GSPC,30min,yfinance
2025-04-08 12:30:00-04:00,5157.18017578125,5163.31005859375,5089.5498046875,5089.68994140625,296366000,0.0,0.0,^GSPC,30min,yfinance
2025-04-08 13:00:00-04:00,5089.72998046875,5101.5498046875,5042.0,5042.60986328125,259431000,0.0,0.0,^GSPC,30min,yfinance
2025-04-08 13:30:00-04:00,5042.580078125,5107.2099609375,5039.60986328125,5085.47021484375,250496000,0.0,0.0,^GSPC,30min,yfinance
2025-04-08 14:00:00-04:00,5085.52001953125,5088.18994140625,5040.6298828125,5041.77001953125,195810000,0.0,0.0,^GSPC,30min,yfinance
2025-04-08 14:30:00-04:00,5042.14013671875,5092.60009765625,5033.31982421875,5035.64013671875,260481000,0.0,0.0,^GSPC,30min,yfinance
2025-04-08 15:00:00-04:00,5035.47021484375,5038.080078125,4962.31982421875,4993.2099609375,345749000,0.0,0.0,^GSPC,30min,yfinance
2025-04-08 15:30:00-04:00,4993.35009765625,4993.35009765625,4910.419921875,4985.669921875,791174000,0.0,0.0,^GSPC,30min,yfinance
2025-04-09 09:30:00-04:00,4965.27978515625,5036.02001953125,4956.0,5017.06982421875,350388599,0.0,0.0,^GSPC,30min,yfinance
2025-04-09 10:00:00-04:00,5043.06005859375,5052.009765625,4986.08984375,5007.8798828125,348065790,0.0,0.0,^GSPC,30min,yfinance
2025-04-09 10:30:00-04:00,5007.89990234375,5029.0400390625,4949.52978515625,4949.85009765625,298471135,0.0,0.0,^GSPC,30min,yfinance
2025-04-09 11:00:00-04:00,4949.68017578125,5013.72021484375,4948.43017578125,5000.1201171875,280178000,0.0,0.0,^GSPC,30min,yfinance
2025-04-09 11:30:00-04:00,4999.97998046875,5011.85009765625,4967.02978515625,4977.64013671875,236615000,0.0,0.0,^GSPC,30min,yfinance
2025-04-09 12:00:00-04:00,4977.5,5021.759765625,4966.580078125,5009.68994140625,198131000,0.0,0.0,^GSPC,30min,yfinance
2025-04-09 12:30:00-04:00,5010.27978515625,5042.68994140625,5006.0400390625,5030.0498046875,193114000,0.0,0.0,^GSPC,30min,yfinance
2025-04-09 13:00:00-04:00,5029.8701171875,5351.169921875,5004.4599609375,5256.31982421875,636024000,0.0,0.0,^GSPC,30min,yfinance
2025-04-09 13:30:00-04:00,5256.83984375,5381.5498046875,5252.27001953125,5367.85009765625,634508000,0.0,0.0,^GSPC,30min,yfinance
2025-04-09 14:00:00-04:00,5367.93017578125,5415.31005859375,5333.22998046875,5403.97021484375,550095000,0.0,0.0,^GSPC,30min,yfinance
2025-04-09 14:30:00-04:00,5402.47021484375,5417.4501953125,5324.18994140625,5328.4501953125,454758000,0.0,0.0,^GSPC,30min,yfinance
2025-04-09 15:00:00-04:00,5327.72998046875,5435.81005859375,5315.5,5423.81982421875,432975000,0.0,0.0,^GSPC,30min,yfinance
2025-04-09 15:30:00-04:00,5423.77978515625,5481.33984375,5415.56005859375,5451.60986328125,951341000,0.0,0.0,^GSPC,30min,yfinance
2025-04-10 09:30:00-04:00,5353.14990234375,5353.14990234375,5303.35009765625,5308.33984375,330741742,0.0,0.0,^GSPC,30min,yfinance
2025-04-10 10:00:00-04:00,5308.52978515625,5322.97998046875,5282.72021484375,5301.35009765625,334956937,0.0,0.0,^GSPC,30min,yfinance
2025-04-10 10:30:00-04:00,5299.35986328125,5335.7001953125,5279.02978515625,5280.77001953125,270228879,0.0,0.0,^GSPC,30min,yfinance
2025-04-10 11:00:00-04:00,5280.43994140625,5303.3798828125,5255.10986328125,5255.3798828125,221683000,0.0,0.0,^GSPC,30min,yfinance
2025-04-10 11:30:00-04:00,5255.39990234375,5259.4599609375,5198.31005859375,5203.97998046875,264636000,0.0,0.0,^GSPC,30min,yfinance
2025-04-10 12:00:00-04:00,5203.83984375,5216.7998046875,5115.27001953125,5136.33984375,301761000,0.0,0.0,^GSPC,30min,yfinance
2025-04-10 12:30:00-04:00,5136.5498046875,5220.669921875,5134.8701171875,5214.06982421875,257493000,0.0,0.0,^GSPC,30min,yfinance
2025-04-10 13:00:00-04:00,5213.89013671875,5262.0498046875,5148.2998046875,5209.93017578125,267379000,0.0,0.0,^GSPC,30min,yfinance
2025-04-10 13:30:00-04:00,5210.080078125,5271.580078125,5202.25,5260.68994140625,251230000,0.0,0.0,^GSPC,30min,yfinance
2025-04-10 14:00:00-04:00,5260.93994140625,5303.3701171875,5222.8701171875,5300.919921875,259549000,0.0,0.0,^GSPC,30min,yfinance
2025-04-10 14:30:00-04:00,5301.06005859375,5313.259765625,5255.35986328125,5279.759765625,247398000,0.0,0.0,^GSPC,30min,yfinance
2025-04-10 15:00:00-04:00,5279.39990234375,5310.41015625,5244.1201171875,5244.18994140625,286226000,0.0,0.0,^GSPC,30min,yfinance
2025-04-10 15:30:00-04:00,5243.740234375,5281.83984375,5201.2001953125,5268.18017578125,689053000,0.0,0.0,^GSPC,30min,yfinance
2025-04-11 09:30:00-04:00,5255.56005859375,5304.93994140625,5230.5498046875,5283.85009765625,277430830,0.0,0.0,^GSPC,30min,yfinance
2025-04-11 10:00:00-04:00,5282.89990234375,5300.02978515625,5221.60009765625,5225.14013671875,290896583,0.0,0.0,^GSPC,30min,yfinance
2025-04-11 10:30:00-04:00,5224.89990234375,5283.7998046875,5220.77001953125,5250.47998046875,246596726,0.0,0.0,^GSPC,30min,yfinance
2025-04-11 11:00:00-04:00,5250.240234375,5291.9501953125,5227.830078125,5248.35986328125,235440257,0.0,0.0,^GSPC,30min,yfinance
2025-04-11 11:30:00-04:00,5248.0498046875,5287.39990234375,5242.740234375,5285.56982421875,178833000,0.0,0.0,^GSPC,30min,yfinance
2025-04-11 12:00:00-04:00,5285.93994140625,5303.33984375,5279.81982421875,5291.35986328125,163115000,0.0,0.0,^GSPC,30min,yfinance
2025-04-11 12:30:00-04:00,5291.490234375,5344.93994140625,5291.490234375,5335.7998046875,201982000,0.0,0.0,^GSPC,30min,yfinance
2025-04-11 13:00:00-04:00,5335.47998046875,5347.5,5314.02978515625,5315.66015625,179089000,0.0,0.0,^GSPC,30min,yfinance
2025-04-11 13:30:00-04:00,5315.93994140625,5381.4599609375,5307.66015625,5364.3798828125,222986000,0.0,0.0,^GSPC,30min,yfinance
2025-04-11 14:00:00-04:00,5364.18017578125,5367.31982421875,5335.06005859375,5349.2099609375,176201000,0.0,0.0,^GSPC,30min,yfinance
2025-04-11 14:30:00-04:00,5348.830078125,5362.240234375,5339.240234375,5340.080078125,155523000,0.0,0.0,^GSPC,30min,yfinance
2025-04-11 15:00:00-04:00,5340.009765625,5373.7099609375,5339.91015625,5365.2998046875,206051000,0.0,0.0,^GSPC,30min,yfinance
2025-04-11 15:30:00-04:00,5365.18017578125,5371.490234375,5353.93994140625,5361.2001953125,545802000,0.0,0.0,^GSPC,30min,yfinance
2025-04-14 09:30:00-04:00,5441.9599609375,5459.4599609375,5411.60986328125,5424.14990234375,249393626,0.0,0.0,^GSPC,30min,yfinance
2025-04-14 10:00:00-04:00,5424.0,5453.1298828125,5418.02978515625,5438.4501953125,228766728,0.0,0.0,^GSPC,30min,yfinance
2025-04-14 10:30:00-04:00,5438.919921875,5456.2001953125,5434.81005859375,5443.22021484375,194577000,0.0,0.0,^GSPC,30min,yfinance
2025-04-14 11:00:00-04:00,5443.27978515625,5448.0,5403.10009765625,5403.47021484375,205328721,0.0,0.0,^GSPC,30min,yfinance
2025-04-14 11:30:00-04:00,5403.5400390625,5416.33984375,5370.33984375,5375.97998046875,189282000,0.0,0.0,^GSPC,30min,yfinance
2025-04-14 12:00:00-04:00,5375.7998046875,5395.14013671875,5358.02001953125,5376.91015625,185832000,0.0,0.0,^GSPC,30min,yfinance
2025-04-14 12:30:00-04:00,5376.81982421875,5395.8701171875,5372.47998046875,5373.740234375,145452000,0.0,0.0,^GSPC,30min,yfinance
2025-04-14 13:00:00-04:00,5373.68994140625,5408.080078125,5372.35986328125,5392.419921875,172710000,0.0,0.0,^GSPC,30min,yfinance
2025-04-14 13:30:00-04:00,5391.8701171875,5411.39990234375,5384.10986328125,5408.08984375,139459000,0.0,0.0,^GSPC,30min,yfinance
2025-04-14 14:00:00-04:00,5408.10009765625,5422.77978515625,5407.06982421875,5421.89990234375,121116000,0.0,0.0,^GSPC,30min,yfinance
2025-04-14 14:30:00-04:00,5421.6298828125,5430.9599609375,5419.64990234375,5425.39990234375,139060000,0.0,0.0,^GSPC,30min,yfinance
2025-04-14 15:00:00-04:00,5425.39990234375,5443.7001953125,5425.0498046875,5431.89990234375,176901000,0.0,0.0,^GSPC,30min,yfinance
2025-04-14 15:30:00-04:00,5431.89013671875,5439.56005859375,5402.14990234375,5405.56005859375,445805000,0.0,0.0,^GSPC,30min,yfinance
2025-04-15 09:30:00-04:00,5411.990234375,5446.75,5411.06005859375,5433.91015625,205429490,0.0,0.0,^GSPC,30min,yfinance
2025-04-15 10:00:00-04:00,5433.56982421875,5450.41015625,5401.56982421875,5412.68994140625,243582131,0.0,0.0,^GSPC,30min,yfinance
2025-04-15 10:30:00-04:00,5412.58984375,5435.25,5412.25,5424.0400390625,182686632,0.0,0.0,^GSPC,30min,yfinance
2025-04-15 11:00:00-04:00,5424.14990234375,5437.31005859375,5419.9599609375,5419.9599609375,155865509,0.0,0.0,^GSPC,30min,yfinance
2025-04-15 11:30:00-04:00,5420.10009765625,5432.0,5413.18994140625,5427.509765625,140226042,0.0,0.0,^GSPC,30min,yfinance
2025-04-15 12:00:00-04:00,5427.58984375,5433.4501953125,5422.3701171875,5428.08984375,125522000,0.0,0.0,^GSPC,30min,yfinance
2025-04-15 12:30:00-04:00,5428.08984375,5431.66015625,5403.1298828125,5407.990234375,114642000,0.0,0.0,^GSPC,30min,yfinance
2025-04-15 13:00:00-04:00,5407.81005859375,5416.2099609375,5392.58984375,5395.759765625,125994000,0.0,0.0,^GSPC,30min,yfinance
2025-04-15 13:30:00-04:00,5395.68017578125,5409.509765625,5392.7900390625,5401.2998046875,122449000,0.0,0.0,^GSPC,30min,yfinance
2025-04-15 14:00:00-04:00,5401.31982421875,5404.60986328125,5386.43994140625,5392.47998046875,126199000,0.0,0.0,^GSPC,30min,yfinance
2025-04-15 14:30:00-04:00,5392.490234375,5409.08984375,5392.0498046875,5404.85009765625,119160000,0.0,0.0,^GSPC,30min,yfinance
2025-04-15 15:00:00-04:00,5404.81005859375,5410.330078125,5396.22021484375,5401.3798828125,161747000,0.0,0.0,^GSPC,30min,yfinance
2025-04-15 15:30:00-04:00,5401.35986328125,5404.93994140625,5389.93994140625,5396.7001953125,410362000,0.0,0.0,^GSPC,30min,yfinance
2025-04-16 09:30:00-04:00,5335.75,5355.18994140625,5316.85986328125,5316.85986328125,354154150,0.0,0.0,^GSPC,30min,yfinance
2025-04-16 10:00:00-04:00,5316.22998046875,5338.85009765625,5314.5,5335.47998046875,222565899,0.0,0.0,^GSPC,30min,yfinance
2025-04-16 10:30:00-04:00,5335.43994140625,5346.27001953125,5331.64990234375,5340.41015625,184576479,0.0,0.0,^GSPC,30min,yfinance
2025-04-16 11:00:00-04:00,5340.3798828125,5367.240234375,5335.08984375,5363.75,178247005,0.0,0.0,^GSPC,30min,yfinance
2025-04-16 11:30:00-04:00,5363.75,5364.2998046875,5332.39990234375,5334.330078125,139109467,0.0,0.0,^GSPC,30min,yfinance
2025-04-16 12:00:00-04:00,5334.43994140625,5335.740234375,5326.0400390625,5332.259765625,130212000,0.0,0.0,^GSPC,30min,yfinance
2025-04-16 12:30:00-04:00,5332.25,5337.91015625,5323.22998046875,5326.5498046875,120352000,0.0,0.0,^GSPC,30min,yfinance
2025-04-16 13:00:00-04:00,5326.60986328125,5334.18994140625,5320.14013671875,5332.91015625,118690000,0.0,0.0,^GSPC,30min,yfinance
2025-04-16 13:30:00-04:00,5332.9599609375,5333.3798828125,5257.919921875,5258.56982421875,224083000,0.0,0.0,^GSPC,30min,yfinance
2025-04-16 14:00:00-04:00,5258.58984375,5284.60986328125,5258.58984375,5277.89013671875,190295000,0.0,0.0,^GSPC,30min,yfinance
2025-04-16 14:30:00-04:00,5277.8798828125,5278.64013671875,5245.080078125,5245.10986328125,174605000,0.0,0.0,^GSPC,30min,yfinance
2025-04-16 15:00:00-04:00,5245.10986328125,5249.52978515625,5220.7900390625,5223.669921875,228882000,0.0,0.0,^GSPC,30min,yfinance
2025-04-16 15:30:00-04:00,5223.64013671875,5279.0400390625,5223.64013671875,5276.259765625,540994000,0.0,0.0,^GSPC,30min,yfinance
2025-04-17 09:30:00-04:00,5305.4501953125,5308.259765625,5281.06005859375,5302.4501953125,202845360,0.0,0.0,^GSPC,30min,yfinance
2025-04-17 10:00:00-04:00,5302.7998046875,5307.5400390625,5268.52001953125,5268.85986328125,228481095,0.0,0.0,^GSPC,30min,yfinance
2025-04-17 10:30:00-04:00,5268.93994140625,5278.7001953125,5255.580078125,5267.2099609375,197772724,0.0,0.0,^GSPC,30min,yfinance
2025-04-17 11:00:00-04:00,5267.18017578125,5304.3701171875,5267.0498046875,5283.66015625,181458521,0.0,0.0,^GSPC,30min,yfinance
2025-04-17 11:30:00-04:00,5283.85009765625,5301.31982421875,5283.10986328125,5284.2998046875,149362000,0.0,0.0,^GSPC,30min,yfinance
2025-04-17 12:00:00-04:00,5284.33984375,5314.7998046875,5280.22021484375,5311.83984375,187495000,0.0,0.0,^GSPC,30min,yfinance
2025-04-17 12:30:00-04:00,5311.89990234375,5319.93017578125,5295.75,5316.06982421875,148629000,0.0,0.0,^GSPC,30min,yfinance
2025-04-17 13:00:00-04:00,5316.0,5319.5,5293.58984375,5293.64013671875,125144000,0.0,0.0,^GSPC,30min,yfinance
2025-04-17 13:30:00-04:00,5293.68017578125,5319.75,5293.68017578125,5312.5400390625,133117000,0.0,0.0,^GSPC,30min,yfinance
2025-04-17 14:00:00-04:00,5312.52001953125,5328.31005859375,5311.31982421875,5317.2998046875,138158000,0.0,0.0,^GSPC,30min,yfinance
2025-04-17 14:30:00-04:00,5317.27001953125,5325.8701171875,5302.830078125,5302.8701171875,161238000,0.0,0.0,^GSPC,30min,yfinance
2025-04-17 15:00:00-04:00,5302.77978515625,5304.419921875,5283.56982421875,5289.81005859375,165817000,0.0,0.0,^GSPC,30min,yfinance
2025-04-17 15:30:00-04:00,5289.759765625,5301.39013671875,5274.27978515625,5283.5,424379000,0.0,0.0,^GSPC,30min,yfinance
2025-04-21 09:30:00-04:00,5232.93994140625,5232.93994140625,5191.93017578125,5191.93017578125,182806184,0.0,0.0,^GSPC,30min,yfinance
2025-04-21 10:00:00-04:00,5191.47021484375,5191.47021484375,5168.77001953125,5171.77978515625,202195632,0.0,0.0,^GSPC,30min,yfinance
2025-04-21 10:30:00-04:00,5171.9599609375,5184.14013671875,5160.740234375,5162.259765625,161027084,0.0,0.0,^GSPC,30min,yfinance
2025-04-21 11:00:00-04:00,5162.22021484375,5166.3701171875,5145.02001953125,5147.3701171875,146430417,0.0,0.0,^GSPC,30min,yfinance
2025-04-21 11:30:00-04:00,5147.43994140625,5148.2001953125,5124.8701171875,5126.41015625,145337498,0.0,0.0,^GSPC,30min,yfinance
2025-04-21 12:00:00-04:00,5126.39990234375,5137.97998046875,5126.39013671875,5132.419921875,129864511,0.0,0.0,^GSPC,30min,yfinance
2025-04-21 12:30:00-04:00,5132.43994140625,5148.14013671875,5127.85986328125,5128.52001953125,122665000,0.0,0.0,^GSPC,30min,yfinance
2025-04-21 13:00:00-04:00,5128.52001953125,5132.75,5112.18017578125,5115.56982421875,140822000,0.0,0.0,^GSPC,30min,yfinance
2025-04-21 13:30:00-04:00,5115.5400390625,5121.1201171875,5104.33984375,5105.56982421875,138655000,0.0,0.0,^GSPC,30min,yfinance
2025-04-21 14:00:00-04:00,5105.56982421875,5115.2099609375,5101.6298828125,5115.2099609375,130927000,0.0,0.0,^GSPC,30min,yfinance
2025-04-21 14:30:00-04:00,5115.0400390625,5121.68017578125,5103.52978515625,5104.4599609375,143686000,0.0,0.0,^GSPC,30min,yfinance
2025-04-21 15:00:00-04:00,5104.5,5127.35009765625,5104.240234375,5119.7099609375,175342000,0.0,0.0,^GSPC,30min,yfinance
2025-04-21 15:30:00-04:00,5119.64990234375,5164.56982421875,5119.64990234375,5157.81005859375,475808000,0.0,0.0,^GSPC,30min,yfinance
2025-04-22 09:30:00-04:00,5207.669921875,5239.240234375,5207.669921875,5235.89013671875,202885278,0.0,0.0,^GSPC,30min,yfinance
2025-04-22 10:00:00-04:00,5236.06005859375,5250.2900390625,5235.39013671875,5245.9599609375,197773200,0.0,0.0,^GSPC,30min,yfinance
2025-04-22 10:30:00-04:00,5244.0,5264.83984375,5241.919921875,5262.89990234375,172252246,0.0,0.0,^GSPC,30min,yfinance
2025-04-22 11:00:00-04:00,5262.8701171875,5274.08984375,5262.580078125,5266.31005859375,170069662,0.0,0.0,^GSPC,30min,yfinance
2025-04-22 11:30:00-04:00,5266.35009765625,5280.3701171875,5254.259765625,5278.14013671875,163035092,0.0,0.0,^GSPC,30min,yfinance
2025-04-22 12:00:00-04:00,5278.169921875,5309.60986328125,5278.169921875,5304.8798828125,189145000,0.0,0.0,^GSPC,30min,yfinance
2025-04-22 12:30:00-04:00,5304.7099609375,5307.2998046875,5286.47998046875,5292.27001953125,128615000,0.0,0.0,^GSPC,30min,yfinance
2025-04-22 13:00:00-04:00,5292.22021484375,5301.97998046875,5241.419921875,5243.43994140625,183207000,0.0,0.0,^GSPC,30min,yfinance
2025-04-22 13:30:00-04:00,5243.3798828125,5254.990234375,5234.97021484375,5235.89013671875,128289000,0.0,0.0,^GSPC,30min,yfinance
2025-04-22 14:00:00-04:00,5235.72998046875,5272.5,5235.1298828125,5270.06005859375,127223000,0.0,0.0,^GSPC,30min,yfinance
2025-04-22 14:30:00-04:00,5270.0498046875,5288.27001953125,5269.9599609375,5284.3798828125,127109000,0.0,0.0,^GSPC,30min,yfinance
2025-04-22 15:00:00-04:00,5284.259765625,5287.169921875,5259.81005859375,5263.31982421875,155086000,0.0,0.0,^GSPC,30min,yfinance
2025-04-22 15:30:00-04:00,5263.14013671875,5291.81005859375,5259.10009765625,5286.81005859375,449153000,0.0,0.0,^GSPC,30min,yfinance
2025-04-23 09:30:00-04:00,5395.919921875,5465.93994140625,5395.919921875,5450.10009765625,384210034,0.0,0.0,^GSPC,30min,yfinance
2025-04-23 10:00:00-04:00,5452.4599609375,5469.68994140625,5426.009765625,5455.2001953125,313188364,0.0,0.0,^GSPC,30min,yfinance
2025-04-23 10:30:00-04:00,5455.419921875,5468.8798828125,5440.6201171875,5442.47998046875,227804263,0.0,0.0,^GSPC,30min,yfinance
2025-04-23 11:00:00-04:00,5442.60009765625,5450.06005859375,5394.22021484375,5401.580078125,261234000,0.0,0.0,^GSPC,30min,yfinance
2025-04-23 11:30:00-04:00,5401.77978515625,5410.77978515625,5373.3701171875,5391.41015625,195961000,0.0,0.0,^GSPC,30min,yfinance
2025-04-23 12:00:00-04:00,5391.52978515625,5392.16015625,5357.64013671875,5379.27001953125,151834000,0.0,0.0,^GSPC,30min,yfinance
2025-04-23 12:30:00-04:00,5379.18017578125,5402.10009765625,5375.830078125,5398.919921875,139980000,0.0,0.0,^GSPC,30min,yfinance
2025-04-23 13:00:00-04:00,5398.85986328125,5411.3798828125,5382.22998046875,5399.89990234375,131681000,0.0,0.0,^GSPC,30min,yfinance
2025-04-23 13:30:00-04:00,5399.919921875,5405.97998046875,5381.60986328125,5400.27001953125,123536000,0.0,0.0,^GSPC,30min,yfinance
2025-04-23 14:00:00-04:00,5400.2001953125,5404.97021484375,5380.89990234375,5382.72998046875,131680000,0.0,0.0,^GSPC,30min,yfinance
2025-04-23 14:30:00-04:00,5382.759765625,5393.4599609375,5376.0400390625,5380.6298828125,125591000,0.0,0.0,^GSPC,30min,yfinance
2025-04-23 15:00:00-04:00,5380.7998046875,5386.10009765625,5358.43017578125,5363.77978515625,173522000,0.0,0.0,^GSPC,30min,yfinance
2025-04-23 15:30:00-04:00,5363.56005859375,5387.1201171875,5356.169921875,5372.419921875,452193000,0.0,0.0,^GSPC,30min,yfinance
2025-04-24 09:30:00-04:00,5381.3798828125,5414.31005859375,5371.9599609375,5412.830078125,389269614,0.0,0.0,^GSPC,30min,yfinance
2025-04-24 10:00:00-04:00,5413.1298828125,5439.990234375,5408.759765625,5439.8701171875,242944605,0.0,0.0,^GSPC,30min,yfinance
2025-04-24 10:30:00-04:00,5439.91015625,5450.2900390625,5429.08984375,5442.27001953125,196271278,0.0,0.0,^GSPC,30min,yfinance
2025-04-24 11:00:00-04:00,5442.27001953125,5455.41015625,5438.16015625,5441.64013671875,170107135,0.0,0.0,^GSPC,30min,yfinance
2025-04-24 11:30:00-04:00,5442.85009765625,5455.56982421875,5437.3798828125,5444.2998046875,143946368,0.0,0.0,^GSPC,30min,yfinance
2025-04-24 12:00:00-04:00,5444.52978515625,5465.68017578125,5440.759765625,5460.81982421875,142533000,0.0,0.0,^GSPC,30min,yfinance
2025-04-24 12:30:00-04:00,5461.1201171875,5475.35986328125,5460.58984375,5471.68994140625,132521000,0.0,0.0,^GSPC,30min,yfinance
2025-04-24 13:00:00-04:00,5471.85009765625,5471.85009765625,5458.490234375,5467.06005859375,132833000,0.0,0.0,^GSPC,30min,yfinance
2025-04-24 13:30:00-04:00,5467.10986328125,5472.72998046875,5461.509765625,5470.39990234375,132187000,0.0,0.0,^GSPC,30min,yfinance
2025-04-24 14:00:00-04:00,5470.3701171875,5478.91015625,5468.18994140625,5472.25,138301000,0.0,0.0,^GSPC,30min,yfinance
2025-04-24 14:30:00-04:00,5472.259765625,5485.5400390625,5471.7998046875,5478.31982421875,137015000,0.0,0.0,^GSPC,30min,yfinance
2025-04-24 15:00:00-04:00,5478.2998046875,5478.2998046875,5461.1298828125,5466.75,177715000,0.0,0.0,^GSPC,30min,yfinance
2025-04-24 15:30:00-04:00,5466.68994140625,5489.39990234375,5465.3701171875,5483.58984375,466905000,0.0,0.0,^GSPC,30min,yfinance
2025-04-25 09:30:00-04:00,5489.72998046875,5498.47021484375,5465.22998046875,5466.22021484375,224554568,0.0,0.0,^GSPC,30min,yfinance
2025-04-25 10:00:00-04:00,5466.75,5497.1201171875,5458.0400390625,5463.89990234375,252108899,0.0,0.0,^GSPC,30min,yfinance
2025-04-25 10:30:00-04:00,5463.83984375,5486.77001953125,5455.85986328125,5481.6201171875,199648963,0.0,0.0,^GSPC,30min,yfinance
2025-04-25 11:00:00-04:00,5481.669921875,5492.27001953125,5477.02001953125,5482.4501953125,152069766,0.0,0.0,^GSPC,30min,yfinance
2025-04-25 11:30:00-04:00,5482.330078125,5490.64013671875,5475.39990234375,5488.3798828125,145805206,0.0,0.0,^GSPC,30min,yfinance
2025-04-25 12:00:00-04:00,5488.35986328125,5502.9599609375,5488.009765625,5502.06005859375,126303000,0.0,0.0,^GSPC,30min,yfinance
2025-04-25 12:30:00-04:00,5500.52978515625,5509.5400390625,5498.490234375,5509.43994140625,136506000,0.0,0.0,^GSPC,30min,yfinance
2025-04-25 13:00:00-04:00,5509.43994140625,5528.10986328125,5506.509765625,5527.7099609375,140434000,0.0,0.0,^GSPC,30min,yfinance
2025-04-25 13:30:00-04:00,5527.66015625,5527.830078125,5486.2900390625,5496.31005859375,182269000,0.0,0.0,^GSPC,30min,yfinance
2025-04-25 14:00:00-04:00,5496.3798828125,5519.0,5493.85009765625,5515.35009765625,134897000,0.0,0.0,^GSPC,30min,yfinance
2025-04-25 14:30:00-04:00,5515.3701171875,5525.22998046875,5511.85009765625,5516.419921875,127849000,0.0,0.0,^GSPC,30min,yfinance
2025-04-25 15:00:00-04:00,5516.31982421875,5523.7099609375,5513.58984375,5514.419921875,147415000,0.0,0.0,^GSPC,30min,yfinance
2025-04-25 15:30:00-04:00,5514.41015625,5527.10009765625,5506.16015625,5523.52001953125,410796000,0.0,0.0,^GSPC,30min,yfinance
